<?xml version="1.0" encoding="UTF-8"?>
<!DOCTYPE suite SYSTEM "https://testng.org/testng-1.0.dtd">
<suite name="Suite">
<listeners>
		<listener class-name="com.hcl.selenium.extentreport.ExtentReport" ></listener>

	 <listener class-name="com.hcl.selenium.utils.ListenersClass" ></listener> 
	</listeners>
  <test thread-count="5" name="Test">
  
    <classes>
     <!--  <class name="com.hcl.selenium.base.BasePage"/>-->
      <class name="com.hcl.selenium.tests.VerifyLoginTest"/>
      <class name="com.hcl.selenium.tests.ShopHPBrand"/>
       <class name="com.hcl.selenium.tests.AddToCartTest"/>
        <class name="com.hcl.selenium.tests.ShopAppleLaptopTest"/>
        <class name="com.hcl.selenium.tests.AppleProductAddToCart"/>
      <class name="com.hcl.selenium.tests.ViewCartDetailsTest"/>
      </classes>
  </test> <!-- Test -->
</suite> <!-- Suite -->
